taxon,min_age,max_age
6,0.0940470267897317,0.0940470267897317
16,0.149798070041073,0.149798070041073
17,0.145865510130144,0.145865510130144
