taxon,min_age,max_age
10,0.0838162951336848,0.0838162951336848
