taxon,min_age,max_age
13,0.145858096589885,0.145858096589885
19,0.147590804500898,0.147590804500898
19,0.0426680215321731,0.0426680215321731
