taxon,min_age,max_age
10,0.00951344702478704,0.00951344702478704
14,0.0523737571020217,0.0523737571020217
