taxon,min_age,max_age
13,0.128327000919358,0.128327000919358
14,0.0280393342295711,0.0280393342295711
