taxon,min_age,max_age
17,0.27435963422091,0.27435963422091
