taxon,min_age,max_age
11,0.401683174168491,0.401683174168491
11,0.441033331976753,0.441033331976753
13,0.172412938117048,0.172412938117048
16,0.299639872169254,0.299639872169254
