taxon,min_age,max_age
11,0.451611649810962,0.451611649810962
14,0.158665503398463,0.158665503398463
14,0.229613968203226,0.229613968203226
16,0.211915021224928,0.211915021224928
