taxon,min_age,max_age
6,0.064665372547861,0.064665372547861
7,0.101348674533207,0.101348674533207
11,0.725500466571388,0.725500466571388
19,0.0744367491972081,0.0744367491972081
