taxon,min_age,max_age
19,0.0836065971280714,0.0836065971280714
