taxon,min_age,max_age
5,0.048671958851843,0.048671958851843
11,1.86614290398887,1.86614290398887
11,0.711527941685608,0.711527941685608
11,0.682971573045824,0.682971573045824
