taxon,min_age,max_age
5,0.190809795059089,0.190809795059089
6,0.0757409023554231,0.0757409023554231
18,0.150180406196005,0.150180406196005
