taxon,min_age,max_age
10,0.225647870951014,0.225647870951014
11,0.459470122564915,0.459470122564915
14,0.0873882296783471,0.0873882296783471
