taxon,min_age,max_age
6,0.193531244181545,0.193531244181545
6,0.187666984247662,0.187666984247662
9,0.0391131499724309,0.0391131499724309
