taxon,min_age,max_age
6,0.0653445237345,0.0653445237345
11,0.42886662791378,0.42886662791378
19,0.0328163574700951,0.0328163574700951
