taxon,min_age,max_age
11,0.339640831456091,0.339640831456091
