taxon,min_age,max_age
2,0.10063734827917,0.10063734827917
4,0.0905056057952938,0.0905056057952938
8,0.0938540839268675,0.0938540839268675
9,0.152057995276596,0.152057995276596
