taxon,min_age,max_age
13,0.0638330012132919,0.0638330012132919
13,0.111539549372037,0.111539549372037
19,0.163517290747005,0.163517290747005
