taxon,min_age,max_age
1,0.0141450113086335,0.0141450113086335
2,0.00455148433321528,0.00455148433321528
11,0.503764075718192,0.503764075718192
17,0.066035947315733,0.066035947315733
