taxon,min_age,max_age
12,0.355573846163711,0.355573846163711
12,0.402084571412751,0.402084571412751
