taxon,min_age,max_age
6,0.00093459358457633,0.00093459358457633
11,0.264288575939639,0.264288575939639
11,0.278858143585868,0.278858143585868
