taxon,min_age,max_age
8,0.101000800975413,0.101000800975413
8,0.0126947086256432,0.0126947086256432
10,0.0531836320540927,0.0531836320540927
11,0.517681537255112,0.517681537255112
