taxon,min_age,max_age
8,0.0101363927791694,0.0101363927791694
11,0.91334305161481,0.91334305161481
11,0.932719983541806,0.932719983541806
