taxon,min_age,max_age
8,0.00204670355071243,0.00204670355071243
14,0.0827291778203512,0.0827291778203512
16,0.154339940726379,0.154339940726379
