taxon,min_age,max_age
10,0.0195757744603893,0.0195757744603893
