taxon,min_age,max_age
7,0.00010170370205034,0.00010170370205034
14,0.195367168329482,0.195367168329482
