taxon,min_age,max_age
3,0.172846902942881,0.172846902942881
6,0.05097249261543,0.05097249261543
10,0.011337580916203,0.011337580916203
