taxon,min_age,max_age
4,0.0226946650617057,0.0226946650617057
18,0.202578734778835,0.202578734778835
