taxon,min_age,max_age
11,0.481342113931661,0.481342113931661
16,0.221410354450023,0.221410354450023
