taxon,min_age,max_age
18,0.0590394885627053,0.0590394885627053
