taxon,min_age,max_age
4,0.0405370987558245,0.0405370987558245
5,0.0377603445296324,0.0377603445296324
15,0.151540161568028,0.151540161568028
