taxon,min_age,max_age
2,0.0719900313748747,0.0719900313748747
2,0.0188353303085732,0.0188353303085732
9,0.00763405154180818,0.00763405154180818
18,0.266669993237408,0.266669993237408
