taxon,min_age,max_age
3,0.0223618963444175,0.0223618963444175
11,0.532938607135939,0.532938607135939
14,0.221889276773925,0.221889276773925
15,0.434738072886662,0.434738072886662
