taxon,min_age,max_age
7,0.0510158629900449,0.0510158629900449
12,0.177974152966244,0.177974152966244
