taxon,min_age,max_age
2,0.169079382900036,0.169079382900036
5,0.234125616754482,0.234125616754482
13,0.394614287140112,0.394614287140112
14,0.164878649927964,0.164878649927964
