taxon,min_age,max_age
4,0.0577455014185966,0.0577455014185966
11,0.225028464550605,0.225028464550605
17,0.0336300031428586,0.0336300031428586
