taxon,min_age,max_age
17,0.17124290803575,0.17124290803575
