taxon,min_age,max_age
7,0.0980738903430646,0.0980738903430646
10,0.150607308269572,0.150607308269572
17,0.230526285415936,0.230526285415936
18,0.0591660195993242,0.0591660195993242
