taxon,min_age,max_age
4,0.056051616168452,0.056051616168452
15,0.520841042659132,0.520841042659132
