taxon,min_age,max_age
6,0.00749217700049328,0.00749217700049328
