taxon,min_age,max_age
7,0.650266317724094,0.650266317724094
7,0.594664970001414,0.594664970001414
13,0.226157044097532,0.226157044097532
