taxon,min_age,max_age
4,0.106331547238659,0.106331547238659
8,0.0401367060847472,0.0401367060847472
11,0.369562687190941,0.369562687190941
