taxon,min_age,max_age
3,0.00980920720544665,0.00980920720544665
8,0.215163619542041,0.215163619542041
11,0.416457986505054,0.416457986505054
14,0.121117778966159,0.121117778966159
