taxon,min_age,max_age
6,0.10650926187439,0.10650926187439
14,0.271647623497995,0.271647623497995
