taxon,min_age,max_age
8,0.07029623434639,0.07029623434639
10,0.0476316050840642,0.0476316050840642
16,0.100889919343155,0.100889919343155
16,0.111184820524996,0.111184820524996
