taxon,min_age,max_age
3,0.00812222761324975,0.00812222761324975
16,0.0540343326049992,0.0540343326049992
19,0.097776066874993,0.097776066874993
