taxon,min_age,max_age
12,0.358175367175726,0.358175367175726
