taxon,min_age,max_age
13,0.135517933015528,0.135517933015528
15,0.0281416161448618,0.0281416161448618
15,0.149753403973558,0.149753403973558
19,0.150746721104128,0.150746721104128
