taxon,min_age,max_age
9,0.105543374052735,0.105543374052735
13,0.276567255375559,0.276567255375559
13,0.29059275102764,0.29059275102764
