taxon,min_age,max_age
5,0.196005813312845,0.196005813312845
7,0.0237132764684107,0.0237132764684107
13,0.247511437785439,0.247511437785439
13,0.262188660574565,0.262188660574565
