taxon,min_age,max_age
18,0.0779259130268323,0.0779259130268323
