taxon,min_age,max_age
8,0.0380849425307722,0.0380849425307722
