taxon,min_age,max_age
17,0.314431261028054,0.314431261028054
