taxon,min_age,max_age
1,0.0124047459603554,0.0124047459603554
9,0.074613600828989,0.074613600828989
12,0.317126846148137,0.317126846148137
