taxon,min_age,max_age
5,0.0125464508519116,0.0125464508519116
11,0.860008042526737,0.860008042526737
11,0.868383984777952,0.868383984777952
