taxon,min_age,max_age
4,0.0157620815547497,0.0157620815547497
11,0.761765152068333,0.761765152068333
17,0.480027653761194,0.480027653761194
17,0.423979105794615,0.423979105794615
