taxon,min_age,max_age
5,0.209524772566154,0.209524772566154
13,0.250181569402609,0.250181569402609
