taxon,min_age,max_age
6,0.110111906083817,0.110111906083817
8,0.249419160619482,0.249419160619482
19,0.153852220197196,0.153852220197196
