taxon,min_age,max_age
9,0.0718756946005753,0.0718756946005753
16,0.0630874890269938,0.0630874890269938
17,0.124037108746758,0.124037108746758
