taxon,min_age,max_age
3,0.0329076028411047,0.0329076028411047
11,0.308897656185781,0.308897656185781
13,0.263146532571915,0.263146532571915
