taxon,min_age,max_age
2,0.0524915671144384,0.0524915671144384
7,0.204760022615235,0.204760022615235
18,0.176374695126354,0.176374695126354
