taxon,min_age,max_age
7,0.0576237320333709,0.0576237320333709
12,0.233265271051472,0.233265271051472
