taxon,min_age,max_age
1,0.168164669967374,0.168164669967374
11,0.875021132194973,0.875021132194973
11,0.70340631253505,0.70340631253505
