taxon,min_age,max_age
10,0.0299168158988861,0.0299168158988861
