taxon,min_age,max_age
4,0.00432768010226515,0.00432768010226515
10,0.0174698279401557,0.0174698279401557
17,0.0460264476034396,0.0460264476034396
