taxon,min_age,max_age
8,0.17846563827348,0.17846563827348
