taxon,min_age,max_age
12,0.906327806892121,0.906327806892121
12,0.930681484834567,0.930681484834567
13,0.907042067009269,0.907042067009269
