taxon,min_age,max_age
6,0.0861444945864505,0.0861444945864505
7,0.00014373372800322,0.00014373372800322
11,0.33187898747998,0.33187898747998
19,0.264746733663472,0.264746733663472
