taxon,min_age,max_age
5,0.0118635023631595,0.0118635023631595
7,0.032251032643381,0.032251032643381
18,0.25650884940016,0.25650884940016
18,0.26161163905848,0.26161163905848
