taxon,min_age,max_age
14,0.145410553153645,0.145410553153645
