taxon,min_age,max_age
2,0.0219092687303118,0.0219092687303118
4,0.389045272371015,0.389045272371015
10,0.0985318964069297,0.0985318964069297
11,0.615363080865113,0.615363080865113
