taxon,min_age,max_age
9,0.00277806555420572,0.00277806555420572
14,0.0997754477934472,0.0997754477934472
