taxon,min_age,max_age
11,0.523333365941619,0.523333365941619
19,0.0092970990653178,0.0092970990653178
