taxon,min_age,max_age
12,0.334480914132357,0.334480914132357
