taxon,min_age,max_age
6,0.172856823747132,0.172856823747132
9,0.395540266659742,0.395540266659742
9,0.482793556416579,0.482793556416579
13,0.323400128074629,0.323400128074629
