taxon,min_age,max_age
4,0.0256162867450954,0.0256162867450954
15,0.14152220499094,0.14152220499094
