taxon,min_age,max_age
4,0.172708857659007,0.172708857659007
7,0.0600588131678344,0.0600588131678344
10,0.113134309244779,0.113134309244779
12,0.34544549653889,0.34544549653889
