taxon,min_age,max_age
1,0.116121542730335,0.116121542730335
2,0.0294035456081576,0.0294035456081576
2,0.0157624616162972,0.0157624616162972
9,0.00717336704551008,0.00717336704551008
