taxon,min_age,max_age
9,0.0175394431354386,0.0175394431354386
