taxon,min_age,max_age
12,0.30987658033975,0.30987658033975
12,0.344281942931667,0.344281942931667
