taxon,min_age,max_age
1,0.0155491887028668,0.0155491887028668
7,0.155111023087271,0.155111023087271
10,0.0300338023516862,0.0300338023516862
11,0.276136031876534,0.276136031876534
