taxon,min_age,max_age
1,0.0936987761983219,0.0936987761983219
8,0.0683807829522697,0.0683807829522697
