taxon,min_age,max_age
3,0.0671588333410362,0.0671588333410362
11,0.828016543921315,0.828016543921315
16,0.14084210096564,0.14084210096564
