taxon,min_age,max_age
1,0.0871699802075222,0.0871699802075222
