taxon,min_age,max_age
4,0.159904308314267,0.159904308314267
5,0.0356268843089925,0.0356268843089925
