taxon,min_age,max_age
11,0.846271058237686,0.846271058237686
16,0.107026904903533,0.107026904903533
17,0.353721380191098,0.353721380191098
18,0.0748392027273319,0.0748392027273319
