taxon,min_age,max_age
1,0.0268426715463361,0.0268426715463361
6,0.0840859442203517,0.0840859442203517
19,0.0570343019113543,0.0570343019113543
19,0.076853206985539,0.076853206985539
