taxon,min_age,max_age
2,0.146544879865467,0.146544879865467
11,0.987367311135102,0.987367311135102
