taxon,min_age,max_age
7,0.042091918866768,0.042091918866768
9,0.0125462396744963,0.0125462396744963
9,0.042657714044695,0.042657714044695
15,0.080905403732045,0.080905403732045
