taxon,min_age,max_age
2,0.0917566347499732,0.0917566347499732
6,0.00447298315486875,0.00447298315486875
13,0.119310574196977,0.119310574196977
