taxon,min_age,max_age
3,0.12769822722066,0.12769822722066
3,0.00248334226717284,0.00248334226717284
