taxon,min_age,max_age
1,0.193687989995938,0.193687989995938
5,0.0463577457421458,0.0463577457421458
10,0.0765850402193102,0.0765850402193102
