taxon,min_age,max_age
9,0.0132557287058306,0.0132557287058306
15,0.393243998511006,0.393243998511006
19,0.131833923718044,0.131833923718044
19,0.0167857481731664,0.0167857481731664
