taxon,min_age,max_age
3,0.12144523622872,0.12144523622872
5,0.00777588860834694,0.00777588860834694
