taxon,min_age,max_age
5,0.00397521283093864,0.00397521283093864
8,0.00081152082522126,0.00081152082522126
14,0.0922804208768078,0.0922804208768078
