taxon,min_age,max_age
6,0.051628041136863,0.051628041136863
6,0.126110433464264,0.126110433464264
15,0.121380864186006,0.121380864186006
