taxon,min_age,max_age
8,0.103980267622033,0.103980267622033
10,0.366684599689347,0.366684599689347
11,0.638535962980755,0.638535962980755
19,0.127121139487788,0.127121139487788
