taxon,min_age,max_age
10,0.207141323647298,0.207141323647298
10,0.190939113000215,0.190939113000215
