taxon,min_age,max_age
8,0.0685482648215512,0.0685482648215512
