taxon,min_age,max_age
1,0.0645696496094762,0.0645696496094762
4,0.00314047111022206,0.00314047111022206
5,0.135083152367801,0.135083152367801
