taxon,min_age,max_age
11,0.812904289827703,0.812904289827703
