taxon,min_age,max_age
9,0.0334776635976031,0.0334776635976031
11,0.863170074014283,0.863170074014283
13,0.328591107076057,0.328591107076057
19,0.412520396425184,0.412520396425184
