taxon,min_age,max_age
2,0.0274441453219421,0.0274441453219421
4,0.0399940920659899,0.0399940920659899
10,0.0266015566334979,0.0266015566334979
19,0.162719086208319,0.162719086208319
