taxon,min_age,max_age
9,0.0096319002412608,0.0096319002412608
