taxon,min_age,max_age
6,0.00086019297728143,0.00086019297728143
18,0.171680586229901,0.171680586229901
