taxon,min_age,max_age
7,0.223536362844292,0.223536362844292
8,0.0914009964875566,0.0914009964875566
