taxon,min_age,max_age
1,0.25882628868619,0.25882628868619
8,0.0310368801952729,0.0310368801952729
10,0.212007421006395,0.212007421006395
10,0.185295447125037,0.185295447125037
