taxon,min_age,max_age
1,0.0187097824725673,0.0187097824725673
2,0.0545959456507583,0.0545959456507583
9,0.128478468051946,0.128478468051946
11,0.505960028613084,0.505960028613084
