taxon,min_age,max_age
6,0.0200119236551245,0.0200119236551245
9,0.010312361180601,0.010312361180601
11,1.33500974873981,1.33500974873981
