taxon,min_age,max_age
1,0.130762314840713,0.130762314840713
