taxon,min_age,max_age
1,0.00336106420057322,0.00336106420057322
6,0.00136328187527605,0.00136328187527605
