taxon,min_age,max_age
19,0.310069839511955,0.310069839511955
19,0.276117913453083,0.276117913453083
