taxon,min_age,max_age
1,0.0837653031733808,0.0837653031733808
4,0.0425980258032485,0.0425980258032485
8,0.0060574555155881,0.0060574555155881
