taxon,min_age,max_age
12,0.29560523282835,0.29560523282835
12,0.169813155109603,0.169813155109603
16,0.218211842094167,0.218211842094167
19,0.152659233121781,0.152659233121781
