taxon,min_age,max_age
1,0.0315689756522631,0.0315689756522631
4,0.00789683711589956,0.00789683711589956
4,0.042676703064364,0.042676703064364
14,0.0519376379550958,0.0519376379550958
