taxon,min_age,max_age
8,0.0533498301312851,0.0533498301312851
17,0.130987229885485,0.130987229885485
