taxon,min_age,max_age
9,0.0542718038053772,0.0542718038053772
12,0.405009616924673,0.405009616924673
15,0.154635352988982,0.154635352988982
15,0.114841271899397,0.114841271899397
