taxon,min_age,max_age
1,0.0486129723668429,0.0486129723668429
1,0.0434142273276417,0.0434142273276417
2,0.103311594189116,0.103311594189116
19,0.156401311390916,0.156401311390916
