taxon,min_age,max_age
4,0.0116792144105814,0.0116792144105814
6,0.208080393983231,0.208080393983231
