taxon,min_age,max_age
1,0.0727866664550284,0.0727866664550284
11,0.889309907329471,0.889309907329471
11,0.74733500503219,0.74733500503219
