taxon,min_age,max_age
8,0.0175371869369728,0.0175371869369728
13,0.110746427360748,0.110746427360748
16,0.173602974495405,0.173602974495405
18,0.0689799508353392,0.0689799508353392
