taxon,min_age,max_age
3,0.111307427113543,0.111307427113543
6,0.0691767056769316,0.0691767056769316
11,0.719238977826458,0.719238977826458
15,0.09617976879053,0.09617976879053
