taxon,min_age,max_age
9,0.0104183833281709,0.0104183833281709
11,0.473738885107741,0.473738885107741
