taxon,min_age,max_age
1,0.0902232599258012,0.0902232599258012
4,0.00302229485521402,0.00302229485521402
12,0.413797545456553,0.413797545456553
17,0.0663798733622256,0.0663798733622256
