taxon,min_age,max_age
3,0.253071716996225,0.253071716996225
9,0.092002909916963,0.092002909916963
17,0.226709666218703,0.226709666218703
