taxon,min_age,max_age
3,0.40781313834902,0.40781313834902
10,0.00422915143472424,0.00422915143472424
13,0.19467344412135,0.19467344412135
15,0.0917888865050556,0.0917888865050556
