taxon,min_age,max_age
2,0.00589379281216037,0.00589379281216037
10,0.0134270229410762,0.0134270229410762
