taxon,min_age,max_age
13,0.32235631529543,0.32235631529543
17,0.0965086248239992,0.0965086248239992
18,0.37081496929885,0.37081496929885
