taxon,min_age,max_age
4,0.020932658085301,0.020932658085301
9,0.314828431657317,0.314828431657317
14,0.228136898289952,0.228136898289952
16,0.200256774808075,0.200256774808075
