taxon,min_age,max_age
3,0.42590039995343,0.42590039995343
6,0.0810172083963713,0.0810172083963713
19,0.116730748175412,0.116730748175412
