taxon,min_age,max_age
2,0.00361018929185297,0.00361018929185297
2,0.00717551167040891,0.00717551167040891
5,0.23039438017875,0.23039438017875
