taxon,min_age,max_age
7,0.0215118726431261,0.0215118726431261
7,0.0572058237791031,0.0572058237791031
