taxon,min_age,max_age
3,0.0724343331820235,0.0724343331820235
4,0.0527922234420609,0.0527922234420609
10,0.113632725994554,0.113632725994554
17,0.128688180811659,0.128688180811659
