taxon,min_age,max_age
3,0.342336311780947,0.342336311780947
9,0.0105413126820325,0.0105413126820325
10,0.104164589745229,0.104164589745229
13,0.422968840669484,0.422968840669484
