taxon,min_age,max_age
4,0.139014013832188,0.139014013832188
17,0.162386164209445,0.162386164209445
