taxon,min_age,max_age
9,0.00066043054913716,0.00066043054913716
12,0.444505805130665,0.444505805130665
19,0.396664384877153,0.396664384877153
19,0.281464353511611,0.281464353511611
