taxon,min_age,max_age
6,0.293996212775001,0.293996212775001
11,0.595648633266806,0.595648633266806
19,0.218286387576206,0.218286387576206
19,0.402053609558363,0.402053609558363
