taxon,min_age,max_age
7,0.076383671976111,0.076383671976111
12,0.390833841206792,0.390833841206792
17,0.0667106767428555,0.0667106767428555
18,0.279387860328612,0.279387860328612
