taxon,min_age,max_age
12,0.38712905091399,0.38712905091399
13,0.329594292161461,0.329594292161461
17,0.112065586517309,0.112065586517309
