taxon,min_age,max_age
14,0.160690356671308,0.160690356671308
17,0.0980770606557001,0.0980770606557001
