taxon,min_age,max_age
1,0.143021084480431,0.143021084480431
2,0.0437123842948602,0.0437123842948602
17,0.0731991767797994,0.0731991767797994
