taxon,min_age,max_age
3,0.109854609543724,0.109854609543724
