taxon,min_age,max_age
1,0.0469262277632503,0.0469262277632503
