taxon,min_age,max_age
5,0.268794882160483,0.268794882160483
5,0.140919258690561,0.140919258690561
19,0.0527920084544062,0.0527920084544062
